,model_score,vendor_id,city_name,specialisation,successful_orders,fail_orders,reorders,sum_orders
0,0.725861701648682,1847,Волгоград,Пицца,0.0,0.0,0.0,0.0
1,0.739662567153573,3216,Казань,Рыба,315.0,4.0,6.0,325.0
2,0.31776081258431105,3586,Самара,Пицца,130.0,0.0,3.0,133.0
3,0.753824334125966,3850,Нижний Новгород,Шашлыки,64.0,2.0,1.0,67.0
4,0.0725487302988768,3862,Новосибирск,Супы,244.0,4.0,2.0,250.0
5,0.904025668278337,5044,Санкт-Петербург,Суши,2.0,0.0,0.0,2.0
6,0.10734850075095899,5264,Энгельс,Пицца,346.0,4.0,0.0,350.0
7,0.582760896068066,5403,Пермь,Пицца,70.0,3.0,3.0,76.0
8,0.482954714912921,5469,Саратов,Суши,617.0,28.0,26.0,671.0
9,0.0305727636441588,5533,Энгельс,Пицца,96.0,2.0,0.0,98.0
10,0.418675893452018,5804,Уфа,Пицца,265.0,5.0,2.0,272.0
11,0.51657756511122,5891,Казань,Бургеры,21.0,6.0,2.0,29.0
12,0.9936231072060759,6198,Казань,Китайская,190.0,5.0,4.0,199.0
13,0.32793894130736606,6520,Краснодар,Суши,1300.0,70.0,65.0,1435.0
14,0.222469318658113,7119,Челябинск,Пицца,701.0,16.0,4.0,721.0
15,0.297170744743198,7120,Челябинск,Супы,37.0,0.0,1.0,38.0
16,0.37889687390998,7140,Омск,Суши,150.0,8.0,2.0,160.0
17,0.36675763456150895,7141,Екатеринбург,Суши,930.0,13.0,12.0,955.0
18,0.065760750323534,7354,Воронеж,Пицца,546.0,4.0,6.0,556.0
19,0.336156543344259,7531,Ростов-на-Дону,Пицца,226.0,2.0,4.0,232.0
20,0.9426437206566329,7619,Волгоград,Суши,207.0,2.0,3.0,212.0
21,0.7602364826016129,7737,Челябинск,Пицца,138.0,3.0,7.0,148.0
22,0.41786025138571903,7812,Краснодар,Японская,192.0,3.0,3.0,198.0
23,0.984060395043343,7821,Самара,Пицца,40.0,1.0,0.0,41.0
24,0.600674218963832,8277,Тюмень,Пицца,62.0,5.0,2.0,69.0
25,0.506855850573629,8318,Екатеринбург,Итальянская,112.0,0.0,0.0,112.0
26,0.47003922378644303,8440,Тула,Пицца,450.0,15.0,5.0,470.0
27,0.604722443502396,8442,Калуга,Пицца,352.0,5.0,6.0,363.0
28,0.0472839376889169,8475,Тула,Суши,377.0,7.0,4.0,388.0
29,0.655277455691248,8478,Калуга,Пицца,144.0,2.0,2.0,148.0
30,0.242990505881608,8491,Самара,Паста и ризотто,38.0,0.0,0.0,38.0
31,0.782815781887621,8552,Уфа,Пицца,1644.0,19.0,32.0,1695.0
32,0.351368289906532,8557,Иркутск,Суши,697.0,8.0,17.0,722.0
33,0.6833215323276821,8570,Тюмень,Суши,293.0,6.0,0.0,299.0
34,0.796497245784849,8687,Ижевск,Японская,297.0,1.0,0.0,298.0
35,0.6493999883532521,8721,Калуга,Суши,15.0,0.0,1.0,16.0
36,0.974673073738813,8781,Самара,Суши,91.0,3.0,0.0,94.0
37,0.633565197233111,8810,Санкт-Петербург,Суши,328.0,16.0,4.0,348.0
38,0.8410835452377801,9033,Уфа,Пицца,311.0,2.0,3.0,316.0
39,0.27577125234529404,9214,Владимир,Японская,105.0,7.0,3.0,115.0
40,0.00755409384146333,9226,Тольятти,Суши,294.0,1.0,1.0,296.0
41,0.47626621089875704,9255,Барнаул,Суши,52.0,0.0,1.0,53.0
42,0.575028465595096,9274,Липецк,Суши,85.0,2.0,3.0,90.0
43,0.219196262769401,9278,Липецк,Суши,224.0,2.0,0.0,226.0
44,0.0137422154657543,9279,Липецк,Суши,177.0,1.0,3.0,181.0
45,0.525067776441574,9281,Липецк,Суши,343.0,5.0,4.0,352.0
46,0.85161777632311,9282,Липецк,Суши,322.0,4.0,8.0,334.0
47,0.98491885047406,9285,Брянск,Суши,1029.0,9.0,19.0,1057.0
48,0.308463675435632,9289,Брянск,Суши,90.0,2.0,0.0,92.0
49,0.288069103378803,9290,Брянск,Суши,300.0,7.0,6.0,313.0
50,0.709788270760328,9292,Орел,Суши,251.0,7.0,12.0,270.0
51,0.32681536348536605,9328,Ижевск,Бургеры,49.0,1.0,0.0,50.0
52,0.9689189167693258,9578,Омск,Бургеры,80.0,5.0,2.0,87.0
53,0.61491040000692,9631,Омск,Суши,1.0,0.0,0.0,1.0
54,0.256213436834514,9642,Омск,Бургеры,1.0,0.0,0.0,1.0
55,0.8381507708691059,9726,Тольятти,Японская,461.0,0.0,4.0,465.0
56,0.888342132326216,9878,Тольятти,Супы,14.0,0.0,2.0,16.0
57,0.697004525456578,9898,Казань,Рыба,1.0,0.0,0.0,1.0
58,0.473592793568969,9914,Хабаровск,Суши,178.0,3.0,1.0,182.0
59,0.763824096415192,9920,Энгельс,Мясо,63.0,0.0,1.0,64.0
60,0.22099369857460302,10036,Барнаул,Шашлыки,92.0,0.0,0.0,92.0
61,0.348040074575692,10128,Владивосток,Суши,140.0,3.0,1.0,144.0
62,0.8089515413157641,10196,Тольятти,Суши,118.0,3.0,0.0,121.0
63,0.6734145032241939,10201,Тольятти,Суши,27.0,0.0,0.0,27.0
64,0.934809974394739,10225,Рязань,Суши,199.0,2.0,2.0,203.0
65,0.44487302331253903,10727,Калуга,Шашлыки,48.0,1.0,2.0,51.0
66,0.8637955994345251,10810,Челябинск,Суши,13.0,0.0,0.0,13.0
67,0.0474497792311013,10892,Барнаул,Суши,84.0,2.0,0.0,86.0
68,0.6382628385908901,10983,Москва,Японская,93.0,3.0,4.0,100.0
69,0.0299843917600811,11216,Тула,Суши,18.0,1.0,0.0,19.0
70,0.518640712369233,11471,Белгород,Суши,177.0,1.0,6.0,184.0
71,0.6772750117816031,11474,Белгород,Суши,663.0,10.0,13.0,686.0
72,0.551830464508384,11476,Белгород,Суши,460.0,4.0,10.0,474.0
73,0.966344345826656,11511,Екатеринбург,Суши,37.0,1.0,1.0,39.0
74,0.870549687650055,11583,Нижний Новгород,Пицца,20.0,0.0,0.0,20.0
75,0.235510835424066,11820,Нижний Новгород,Суши,52.0,6.0,0.0,58.0
76,0.9116886742413041,11998,Орел,Суши,235.0,10.0,7.0,252.0
77,0.204045299440622,12235,Самара,Суши,779.0,32.0,51.0,862.0
78,0.7100175679661329,12411,Оренбург,Суши,1401.0,14.0,6.0,1421.0
79,0.13187623629346498,12414,Оренбург,Суши,736.0,17.0,0.0,753.0
80,0.0874733128584921,12415,Оренбург,Суши,58.0,2.0,0.0,60.0
81,0.588146049994975,12418,Оренбург,Суши,29.0,0.0,0.0,29.0
82,0.919875921215862,12451,Омск,Пицца,29.0,0.0,3.0,32.0
83,0.10222896793857199,12461,Иркутск,Мексиканская,33.0,1.0,0.0,34.0
84,0.6268167668022221,12465,Оренбург,Сэндвичи,110.0,2.0,1.0,113.0
85,0.6737302402034399,12491,Уфа,Шашлыки,7.0,0.0,4.0,11.0
86,0.0264233089983463,12493,Кемерово,Русская,9.0,0.0,0.0,9.0
87,0.912382642738521,12538,Тверь,Суши,79.0,2.0,1.0,82.0
88,0.778163583017886,12575,Владимир,Пицца,182.0,1.0,0.0,183.0
89,0.26344759250059696,12660,Орел,Шашлыки,42.0,1.0,0.0,43.0
90,0.485292716883123,12663,Калининград,Пицца,157.0,2.0,0.0,159.0
91,0.296012030914426,12672,Хабаровск,Мясо,179.0,7.0,1.0,187.0
92,0.989555662963539,12678,Иркутск,Бургеры,37.0,0.0,0.0,37.0
93,0.46061308216303604,12681,Воронеж,Супы,252.0,1.0,1.0,254.0
94,0.699385112617165,12983,Калуга,Пицца,338.0,4.0,4.0,346.0
95,0.9476779554970559,13091,Калининград,Суши,35.0,5.0,1.0,41.0
96,0.7612107601016759,13191,Барнаул,Пицца,105.0,0.0,1.0,106.0
97,0.909200612455606,13223,Оренбург,Японская,331.0,1.0,6.0,338.0
98,0.8996797422878441,13235,Барнаул,Пицца,37.0,0.0,0.0,37.0
99,0.562911783810705,13236,Барнаул,Пицца,76.0,3.0,0.0,79.0
100,0.9696568143554029,13287,Санкт-Петербург,Суши,36.0,8.0,9.0,53.0
101,0.7045029187574979,13371,Новосибирск,Пицца,173.0,1.0,1.0,175.0
102,0.30751625448465303,13417,Тверь,Суши,88.0,0.0,1.0,89.0
103,0.0322933569550514,13435,Рязань,Пицца,670.0,15.0,5.0,690.0
104,0.344260918907821,13443,Новокузнецк,Суши,21.0,1.0,0.0,22.0
105,0.34983237227425,13549,Брянск,Пицца,207.0,1.0,1.0,209.0
106,0.326144092716277,13553,Брянск,Пицца,320.0,1.0,4.0,325.0
107,0.186569302342832,13554,Брянск,Пицца,279.0,5.0,7.0,291.0
108,0.458859043195844,13697,Ростов-на-Дону,Китайская,8.0,5.0,2.0,15.0
109,0.596052309498191,13701,Владивосток,Пицца,83.0,2.0,0.0,85.0
110,0.847036866936833,13882,Тольятти,Супы,480.0,14.0,3.0,497.0
111,0.989555568434298,14001,Казань,Суши,34.0,0.0,0.0,34.0
112,0.980947634670883,14161,Тверь,Суши,445.0,17.0,23.0,485.0
113,0.145049817394465,14396,Тюмень,Пицца,612.0,1.0,3.0,616.0
114,0.7545998855493959,14400,Энгельс,Суши,14.0,0.0,1.0,15.0
115,0.447712009306997,14404,Саратов,Выпечка,24.0,1.0,0.0,25.0
116,0.727482541464269,14518,Краснодар,Выпечка,20.0,0.0,0.0,20.0
117,0.21152620809152697,14892,Тюмень,Суши,153.0,3.0,5.0,161.0
118,0.23253710381686699,14928,Челябинск,Пицца,30.0,1.0,3.0,34.0
119,0.10580818122252801,15107,Краснодар,Пицца,28.0,1.0,1.0,30.0
120,0.137276122812182,15308,Кемерово,Суши,330.0,4.0,2.0,336.0
121,0.44758216058835404,15481,Владивосток,Шашлыки,33.0,0.0,0.0,33.0
122,0.5115667991340159,15759,Калининград,Пицца,63.0,2.0,2.0,67.0
123,0.24342155409976798,15822,Белгород,Японская,183.0,1.0,1.0,185.0
124,0.6558805690146979,15856,Нижний Новгород,Пицца,85.0,9.0,18.0,112.0
125,0.7804948231205341,15957,Томск,Суши,1.0,0.0,0.0,1.0
126,0.9310431005433198,16083,Санкт-Петербург,Пироги,11.0,0.0,0.0,11.0
127,0.29111799551174,16157,Орел,Бургеры,506.0,25.0,31.0,562.0
128,0.6095897075720129,16158,Пенза,Суши,173.0,2.0,1.0,176.0
129,0.990094879642129,16227,Казань,Суши,330.0,1.0,0.0,331.0
130,0.213877090252936,16246,Энгельс,Суши,179.0,0.0,2.0,181.0
131,0.00635381648316979,16251,Сочи,Суши,294.0,7.0,13.0,314.0
132,0.7061925600282851,16318,Саратов,Пицца,206.0,2.0,2.0,210.0
133,0.282679218333215,16336,Тверь,Пицца,265.0,3.0,3.0,271.0
134,0.5970240249298511,16350,Уфа,Пироги,22.0,2.0,1.0,25.0
135,0.295033953152597,16355,Ростов-на-Дону,Пицца,341.0,7.0,11.0,359.0
136,0.925501299090683,16376,Красноярск,Рыба,105.0,4.0,1.0,110.0
137,0.171768325380981,16414,Кемерово,Японская,143.0,1.0,0.0,144.0
138,0.567680445034057,16453,Оренбург,Суши,82.0,1.0,2.0,85.0
139,0.622705425135791,16668,Томск,Супы,18.0,0.0,0.0,18.0
140,0.618309948593378,16974,Ставрополь,Пицца,221.0,4.0,1.0,226.0
141,0.293886877596378,16977,Ставрополь,Суши,242.0,5.0,6.0,253.0
142,0.37090725079178793,16979,Сургут,Сэндвичи,68.0,5.0,2.0,75.0
143,0.0035309386439621396,16982,Сургут,Суши,13.0,1.0,0.0,14.0
144,0.42522932263091207,16987,Ставрополь,Суши,235.0,6.0,8.0,249.0
145,0.42706286441534796,16990,Ставрополь,Суши,89.0,1.0,1.0,91.0
146,0.479988311417401,16992,Сургут,Суши,1.0,0.0,0.0,1.0
147,0.37682131258770796,16993,Сургут,Суши,6.0,0.0,1.0,7.0
148,0.258791612926871,17416,Энгельс,Суши,296.0,4.0,1.0,301.0
149,0.45869611483067296,17448,Красноярск,Шашлыки,130.0,1.0,3.0,134.0
150,0.362216491717845,17503,Ставрополь,Японская,185.0,0.0,1.0,186.0
151,0.26998174143955106,17525,Калуга,Пироги,3.0,2.0,1.0,6.0
152,0.185706407763064,17774,Сургут,Суши,58.0,2.0,2.0,62.0
153,0.298585744109005,17780,Сургут,Суши,27.0,1.0,0.0,28.0
154,0.719499878585339,18002,Тверь,Пицца,407.0,1.0,2.0,410.0
155,0.7243250687606629,18086,Пермь,Суши,341.0,12.0,5.0,358.0
156,0.661984383594245,18107,Владимир,Суши,28.0,4.0,3.0,35.0
157,0.513879406265914,18119,Санкт-Петербург,Суши,4.0,1.0,0.0,5.0
158,0.178783926647156,18166,Барнаул,Шашлыки,98.0,4.0,3.0,105.0
159,0.87056284956634,18179,Пенза,Русская,12.0,0.0,0.0,12.0
160,0.48316082358360296,18358,Тверь,Пицца,337.0,5.0,10.0,352.0
161,0.138365658465773,18644,Калуга,Русская,11.0,0.0,0.0,11.0
162,0.221508117392659,18990,Томск,Суши,169.0,3.0,3.0,175.0
163,0.502697803080082,19140,Самара,Суши,117.0,0.0,0.0,117.0
164,0.8023326289840039,19186,Ставрополь,Рыба,60.0,0.0,1.0,61.0
165,0.5275849387981,19311,Уфа,Суши,361.0,0.0,1.0,362.0
166,0.5358555833809079,19345,Самара,Паста и ризотто,11.0,0.0,0.0,11.0
167,0.9095110776834191,19487,Самара,Мясо,17.0,0.0,1.0,18.0
168,0.17855356354266397,19646,Владимир,Бургеры,108.0,3.0,2.0,113.0
169,0.132496043574065,19795,Барнаул,Суши,881.0,7.0,4.0,892.0
170,0.277890312951058,19951,Екатеринбург,Пироги,5.0,1.0,0.0,6.0
171,0.47038321942090994,20015,Ставрополь,Пицца,41.0,3.0,0.0,44.0
172,0.707963870838284,20223,Саратов,Пицца,299.0,13.0,12.0,324.0
173,0.299442450981587,20479,Воронеж,Суши,45.0,0.0,1.0,46.0
174,0.9240398705005649,20527,Хабаровск,Китайская,132.0,2.0,0.0,134.0
175,0.138110351283103,20616,Ростов-на-Дону,Рыба,174.0,1.0,2.0,177.0
176,0.750833776313812,20730,Тула,Бургеры,106.0,3.0,4.0,113.0
177,0.576133996248245,20741,Иркутск,Паста и ризотто,44.0,1.0,0.0,45.0
178,0.282162702642381,20770,Уфа,Пицца,142.0,6.0,4.0,152.0
179,0.10416463203728199,20935,Самара,Пицца,1298.0,63.0,44.0,1405.0
180,0.19745263131335397,20947,Санкт-Петербург,Суши,77.0,0.0,1.0,78.0
181,0.472375707700849,20950,Оренбург,Индийская,0.0,5.0,0.0,5.0
182,0.173584579024464,21075,Ижевск,Суши,339.0,2.0,1.0,342.0
183,0.99107705289498,21154,Тверь,Шашлыки,7.0,3.0,2.0,12.0
184,0.9089053058996801,21268,Москва,Итальянская,3.0,0.0,0.0,3.0
185,0.493757226038724,21345,Ижевск,Рыба,307.0,2.0,3.0,312.0
186,0.6621717554517089,21346,Санкт-Петербург,Пицца,50.0,0.0,0.0,50.0
187,0.9841896630823609,21390,Екатеринбург,Суши,1.0,0.0,0.0,1.0
188,0.304467980284244,21573,Челябинск,Суши,9.0,1.0,1.0,11.0
189,0.742219882085919,21592,Сургут,Суши,93.0,1.0,1.0,95.0
190,0.6675758403725921,21610,Энгельс,Суши,489.0,8.0,2.0,499.0
191,0.951889208052307,21630,Екатеринбург,Русская,5.0,0.0,0.0,5.0
192,0.24611278437078,21771,Орел,Шашлыки,323.0,3.0,3.0,329.0
193,0.706572051160038,21915,Тула,Узбекская,6.0,1.0,2.0,9.0
194,0.217689870391041,21954,Новосибирск,Китайская,355.0,2.0,4.0,361.0
195,0.8006483209319409,22028,Уфа,Пицца,208.0,2.0,1.0,211.0
196,0.603916951920837,22211,Нижний Новгород,Суши,79.0,29.0,20.0,128.0
197,0.873516663443297,22220,Пенза,Пицца,15.0,1.0,1.0,17.0
198,0.941586018074304,22305,Пенза,Суши,62.0,15.0,7.0,84.0
199,0.9213391072116791,22313,Пенза,Суши,95.0,17.0,22.0,134.0
200,0.42926800716668395,22318,Нижний Новгород,Пицца,28.0,1.0,0.0,29.0
201,0.365936356130987,22611,Екатеринбург,Пицца,55.0,2.0,1.0,58.0
202,0.19928193604573605,22637,Орел,Пицца,389.0,3.0,4.0,396.0
203,0.42999130766838795,22651,Нижний Новгород,Грузинская,31.0,0.0,1.0,32.0
204,0.452668986283243,22652,Казань,Рыба,302.0,3.0,0.0,305.0
205,0.839513615239412,22659,Энгельс,Суши,207.0,4.0,0.0,211.0
206,0.741766658145934,22678,Брянск,Суши,154.0,6.0,3.0,163.0
207,0.5331457708962261,22683,Брянск,Суши,73.0,1.0,4.0,78.0
208,0.9045739797875291,22752,Москва,Фастфуд,2.0,0.0,0.0,2.0
209,0.126158650964499,22851,Тюмень,Суши,93.0,10.0,22.0,125.0
210,0.703572555910796,22903,Курск,Рыба,118.0,1.0,3.0,122.0
211,0.982021285686642,22933,Краснодар,Гирос,682.0,9.0,3.0,694.0
212,0.35375415813177796,22935,Сургут,Суши,27.0,4.0,3.0,34.0
213,0.7904871837235992,22947,Сургут,Суши,31.0,2.0,2.0,35.0
214,0.763325914740562,22950,Нижневартовск,Суши,55.0,12.0,18.0,85.0
215,0.726712389849126,23012,Калининград,Суши,182.0,1.0,1.0,184.0
216,0.8528883447870609,23117,Санкт-Петербург,Суши,1257.0,6.0,17.0,1280.0
217,0.878856021445245,23169,Санкт-Петербург,Пироги,34.0,0.0,0.0,34.0
218,0.21689702058211,23175,Курск,Пицца,152.0,1.0,4.0,157.0
219,0.0541910054162145,23211,Хабаровск,Японская,60.0,0.0,0.0,60.0
220,0.729622050654143,23216,Нижневартовск,Японская,102.0,0.0,0.0,102.0
221,0.0919662150554359,23367,Пермь,Пицца,100.0,0.0,1.0,101.0
222,0.653780615888536,23480,Ростов-на-Дону,Бургеры,30.0,0.0,1.0,31.0
223,0.916519408114254,23533,Рязань,Суши,635.0,4.0,4.0,643.0
224,0.0926853315904737,23639,Воронеж,Пицца,4.0,1.0,0.0,5.0
225,0.435589527245611,23646,Воронеж,Пицца,25.0,0.0,1.0,26.0
226,0.949307169765234,23684,Воронеж,Японская,4.0,0.0,0.0,4.0
227,0.7257574121467769,23807,Нижний Новгород,Суши,151.0,1.0,3.0,155.0
228,0.582328365650028,23862,Рязань,Пицца,422.0,4.0,4.0,430.0
229,0.298073589336127,23938,Уфа,Суши,6.0,0.0,0.0,6.0
230,0.943438488524407,23941,Томск,Шаурма,33.0,0.0,0.0,33.0
231,0.34819685854017696,24041,Нижневартовск,Суши,128.0,1.0,0.0,129.0
232,0.7693472658284009,24049,Санкт-Петербург,Мясо,1.0,0.0,1.0,2.0
233,0.282590524759144,24065,Пермь,Пицца,25.0,0.0,0.0,25.0
234,0.7876079850830141,24072,Хабаровск,Суши,43.0,3.0,2.0,48.0
235,0.046402788721025,24078,Иркутск,Суши,109.0,3.0,1.0,113.0
236,0.0886504123918712,24121,Волгоград,Пицца,445.0,24.0,25.0,494.0
237,0.984310990199447,24126,Орел,Пицца,482.0,33.0,27.0,542.0
238,0.662925557233393,24130,Курск,Пицца,270.0,8.0,10.0,288.0
239,0.42926708981394796,24158,Москва,Мясо,13.0,1.0,0.0,14.0
240,0.9130029571242629,24335,Курск,Шашлыки,18.0,0.0,0.0,18.0
241,0.0337811117060483,24363,Нижневартовск,Суши,33.0,1.0,1.0,35.0
242,0.222414005547762,24614,Ярославль,Суши,116.0,8.0,2.0,126.0
243,0.9676768328063191,24670,Томск,Суши,100.0,1.0,1.0,102.0
244,0.43601799011230497,24672,Иркутск,Шашлыки,12.0,0.0,0.0,12.0
245,0.513563687447459,24949,Ярославль,Японская,459.0,8.0,0.0,467.0
246,0.161358678713441,25022,Рязань,Рыба,293.0,0.0,2.0,295.0
247,0.17845840891823198,25031,Рязань,Рыба,168.0,0.0,1.0,169.0
248,0.492803462315351,25033,Волгоград,Суши,10.0,2.0,1.0,13.0
249,0.8905718917958442,25080,Владимир,Рыба,19.0,1.0,0.0,20.0
250,0.67402104428038,25092,Рязань,Рыба,211.0,4.0,3.0,218.0
251,0.920386979356408,25138,Саратов,Суши,193.0,4.0,1.0,198.0
252,0.964187330100685,25235,Томск,Пицца,66.0,2.0,3.0,71.0
253,0.7244758969172841,25272,Краснодар,Мясо,29.0,2.0,2.0,33.0
254,0.497438818216324,25282,Пенза,Рыба,77.0,0.0,1.0,78.0
255,0.894630272407085,25285,Санкт-Петербург,Шаурма,2.0,1.0,1.0,4.0
256,0.735275628976524,25300,Нижний Новгород,Пицца,42.0,0.0,0.0,42.0
257,0.0253598908893764,25316,Иркутск,Суши,90.0,1.0,1.0,92.0
258,0.24617969337850798,25369,Тула,Пицца,205.0,38.0,18.0,261.0
259,0.28152555553242603,25389,Челябинск,Суши,77.0,0.0,1.0,78.0
260,0.78478932660073,25443,Калуга,Суши,65.0,3.0,5.0,73.0
261,0.31980592850595696,25479,Москва,Пицца,841.0,8.0,2.0,851.0
262,0.38489960599690703,25491,Саратов,Шашлыки,72.0,0.0,0.0,72.0
263,0.7443954404443499,25543,Оренбург,Пицца,40.0,1.0,0.0,41.0
264,0.6058942554518579,25545,Калининград,Суши,21.0,1.0,1.0,23.0
265,0.590393291320652,25550,Сочи,Суши,75.0,0.0,3.0,78.0
266,0.19834894873201803,25594,Орел,Суши,18.0,10.0,3.0,31.0
267,0.427074399776757,25618,Москва,Сэндвичи,199.0,3.0,5.0,207.0
268,0.5953436256386341,25655,Омск,Пироги,6.0,1.0,1.0,8.0
269,0.12937563145533199,25775,Липецк,Пицца,185.0,0.0,0.0,185.0
270,0.1970205437392,25778,Челябинск,Шашлыки,31.0,1.0,1.0,33.0
271,0.0888512758538127,25792,Красноярск,Суши,211.0,4.0,1.0,216.0
272,0.598771469201893,25848,Ярославль,Японская,309.0,1.0,3.0,313.0
273,0.16060754610225597,25867,Липецк,Пицца,263.0,4.0,0.0,267.0
274,0.634971832390875,26088,Москва,Грузинская,9.0,3.0,0.0,12.0
275,0.6513995076529681,26136,Красноярск,Сэндвичи,0.0,0.0,1.0,1.0
276,0.44825857924297496,26166,Красноярск,Индийская,0.0,2.0,0.0,2.0
277,0.39055611006915597,26168,Красноярск,Индийская,1.0,0.0,0.0,1.0
278,0.6956051634624599,26179,Красноярск,Индийская,0.0,1.0,0.0,1.0
279,0.407503811176866,26211,Липецк,Пицца,39.0,0.0,0.0,39.0
280,0.598314231261611,26231,Орел,Японская,119.0,1.0,3.0,123.0
281,0.8122599311172959,26328,Тольятти,Индийская,75.0,0.0,2.0,77.0
282,0.17087213275954097,26402,Калуга,Пицца,16.0,3.0,2.0,21.0
283,0.6867337026633321,26509,Курск,Суши,416.0,3.0,4.0,423.0
284,0.0102746686898172,26525,Тюмень,Пицца,17.0,3.0,4.0,24.0
285,0.36314588133245707,26540,Ставрополь,Суши,0.0,0.0,3.0,3.0
286,0.938840320333838,26564,Нижневартовск,Суши,55.0,2.0,3.0,60.0
287,0.128110465127975,26670,Тула,Пицца,33.0,1.0,0.0,34.0
288,0.935489677358419,26672,Иркутск,Пицца,10.0,0.0,0.0,10.0
289,0.599984305910766,26741,Воронеж,Суши,1.0,0.0,0.0,1.0
290,0.7690235003829001,26825,Белгород,Шашлыки,288.0,5.0,6.0,299.0
291,0.8798023974522949,27045,Казань,Пицца,7.0,0.0,0.0,7.0
292,0.7765796780586239,27071,Набережные Челны,Суши,66.0,0.0,2.0,68.0
293,0.14749502344057,27115,Казань,Выпечка,11.0,2.0,1.0,14.0
294,0.240831770934165,27184,Набережные Челны,Пицца,124.0,1.0,1.0,126.0
295,0.9555025175213809,27197,Калининград,Рыба,26.0,0.0,0.0,26.0
296,0.13447620999068,27217,Тольятти,Рыба,76.0,1.0,0.0,77.0
297,0.322566539980471,27268,Томск,Супы,81.0,2.0,2.0,85.0
298,0.7184498663991691,27396,Рязань,Суши,194.0,1.0,2.0,197.0
299,0.336591597180814,27437,Сочи,Пицца,53.0,5.0,7.0,65.0
300,0.685589641332626,27460,Смоленск,Суши,64.0,1.0,2.0,67.0
301,0.19357435312122098,27461,Смоленск,Суши,261.0,7.0,3.0,271.0
302,0.809048851486295,27462,Набережные Челны,Суши,111.0,3.0,3.0,117.0
303,0.42869750084355496,27475,Смоленск,Рыба,14.0,0.0,0.0,14.0
304,0.0193149936385453,27478,Смоленск,Рыба,7.0,0.0,1.0,8.0
305,0.7979907956905659,27598,Кемерово,Бургеры,19.0,0.0,0.0,19.0
306,0.54952379828319,27611,Томск,Пицца,91.0,2.0,1.0,94.0
307,0.182208274956793,27780,Сочи,Пицца,3.0,1.0,1.0,5.0
308,0.22152207419276201,27835,Новосибирск,Суши,233.0,12.0,5.0,250.0
309,0.631873661186546,27837,Новосибирск,Суши,116.0,1.0,0.0,117.0
310,0.579910192172974,27843,Кемерово,Суши,72.0,0.0,3.0,75.0
311,0.6911368295550351,27844,Красноярск,Суши,86.0,11.0,3.0,100.0
312,0.321681260131299,27848,Кемерово,Суши,91.0,1.0,3.0,95.0
313,0.37065574247390004,27852,Красноярск,Суши,76.0,2.0,1.0,79.0
314,0.0470812236890197,27854,Омск,Суши,115.0,6.0,4.0,125.0
315,0.9024529145099219,27855,Сургут,Суши,234.0,7.0,5.0,246.0
316,0.42425092170015,27860,Набережные Челны,Мясо,22.0,0.0,0.0,22.0
317,0.616865748073906,27881,Волгоград,Корейская,9.0,1.0,0.0,10.0
318,0.446024777367711,27962,Волжский,Суши,135.0,1.0,1.0,137.0
319,0.522431695833802,28050,Липецк,Пицца,12.0,1.0,0.0,13.0
320,0.472359222825617,28100,Пенза,Пицца,406.0,4.0,4.0,414.0
321,0.867642431985587,28134,Воронеж,Суши,16.0,1.0,7.0,24.0
322,0.746442738454789,28144,Иркутск,Суши,60.0,1.0,2.0,63.0
323,0.675203803461045,28312,Нижний Новгород,Шашлыки,3.0,0.0,0.0,3.0
324,0.45515004824847,28387,Иркутск,Суши,111.0,1.0,0.0,112.0
325,0.0612471369095147,28458,Пермь,Шашлыки,30.0,1.0,3.0,34.0
326,0.0551202893257141,28461,Ижевск,Десерты,13.0,0.0,1.0,14.0
327,0.814876571297646,28473,Астрахань,Суши,98.0,3.0,1.0,102.0
328,0.430523219052702,28476,Астрахань,Суши,342.0,13.0,14.0,369.0
329,0.0846854550763965,28477,Астрахань,Суши,74.0,1.0,1.0,76.0
330,0.39087488502264,28478,Астрахань,Суши,194.0,1.0,7.0,202.0
331,0.9086218210868541,28515,Астрахань,Пицца,192.0,1.0,0.0,193.0
332,0.510092610493302,28516,Воронеж,Суши,98.0,5.0,2.0,105.0
333,0.00788351893424988,28517,Астрахань,Пицца,142.0,4.0,4.0,150.0
334,0.5068825241178271,28548,Астрахань,Пицца,79.0,1.0,2.0,82.0
335,0.0688778660260141,28572,Самара,Шашлыки,1.0,1.0,2.0,4.0
336,0.449758090544492,28607,Калининград,Пицца,172.0,6.0,2.0,180.0
337,0.0906587140634656,28675,Ярославль,Пицца,86.0,6.0,2.0,94.0
338,0.16466168966144298,28676,Ярославль,Пицца,109.0,10.0,2.0,121.0
339,0.647487010341138,28697,Тольятти,Суши,54.0,0.0,0.0,54.0
340,0.664807590655982,28703,Архангельск,Суши,111.0,3.0,0.0,114.0
341,0.628079598769546,28738,Волжский,Суши,89.0,1.0,1.0,91.0
342,0.36286025494337104,28793,Сургут,Пицца,17.0,1.0,0.0,18.0
343,0.0100864856503904,28794,Петрозаводск,Суши,205.0,4.0,3.0,212.0
344,0.34179510595277,28801,Петрозаводск,Японская,87.0,1.0,1.0,89.0
345,0.180882391985506,28812,Петрозаводск,Пицца,80.0,3.0,1.0,84.0
346,0.407559453509748,28847,Санкт-Петербург,Мясо,7.0,1.0,4.0,12.0
347,0.514055068604648,28860,Владивосток,Суши,159.0,4.0,3.0,166.0
348,0.42187112942337995,28957,Архангельск,Супы,0.0,2.0,0.0,2.0
349,0.396554234437644,28986,Самара,Шаурма,93.0,1.0,1.0,95.0
350,0.47664142772555396,29001,Новосибирск,Рыба,50.0,0.0,1.0,51.0
351,0.913637445308268,29027,Астрахань,Суши,5.0,0.0,0.0,5.0
352,0.641020394396037,29196,Уфа,Суши,66.0,0.0,2.0,68.0
353,0.0960380369797349,29200,Красноярск,Пицца,16.0,0.0,0.0,16.0
354,0.586637983564287,29208,Волжский,Пицца,17.0,0.0,0.0,17.0
355,0.69044152321294,29300,Энгельс,Суши,137.0,2.0,1.0,140.0
356,0.7583668711595241,29317,Владивосток,Пицца,107.0,1.0,0.0,108.0
357,0.9843128249049191,29325,Тольятти,Рыба,58.0,3.0,1.0,62.0
358,0.0215020305477083,29341,Саратов,Суши,331.0,1.0,0.0,332.0
359,0.775486291851848,29364,Ижевск,Паста и ризотто,66.0,3.0,2.0,71.0
360,0.649284087587148,29384,Ижевск,Суши,30.0,1.0,2.0,33.0
361,0.947026547044516,29406,Тула,Русская,919.0,7.0,2.0,928.0
362,0.5041079595685011,29442,Орел,Бургеры,186.0,0.0,0.0,186.0
363,0.8547632349655029,29461,Липецк,Суши,24.0,2.0,1.0,27.0
364,0.5656201713718471,29631,Тольятти,Суши,602.0,11.0,10.0,623.0
365,0.942413157317787,29756,Ярославль,Бургеры,168.0,0.0,1.0,169.0
366,0.852387845050544,29928,Иркутск,Суши,54.0,1.0,0.0,55.0
367,0.510689786169678,30017,Владивосток,Десерты,4.0,4.0,1.0,9.0
368,0.00290176225826144,30067,Калуга,Рыба,40.0,0.0,1.0,41.0
369,0.0246213059872389,30112,Рязань,Пицца,146.0,9.0,8.0,163.0
370,0.548102186527103,30176,Тольятти,Рыба,15.0,0.0,0.0,15.0
371,0.7411140752956271,30185,Магнитогорск,Суши,121.0,5.0,0.0,126.0
372,0.48399581853300294,30187,Магнитогорск,Рыба,1.0,0.0,2.0,3.0
373,0.295359779149294,30188,Магнитогорск,Бургеры,7.0,0.0,1.0,8.0
374,0.723798426333815,30189,Магнитогорск,Пицца,18.0,0.0,0.0,18.0
375,0.515761426184326,30197,Тула,Суши,51.0,0.0,1.0,52.0
376,0.693882769439369,30204,Орел,Мясо,173.0,3.0,1.0,177.0
377,0.0130518758669496,30317,Ярославль,Суши,93.0,9.0,4.0,106.0
378,0.21771584404632396,30336,Тюмень,Русская,25.0,1.0,2.0,28.0
379,0.7773061208426949,30356,Курск,Суши,70.0,0.0,0.0,70.0
380,0.0535571072250605,30365,Хабаровск,Японская,134.0,3.0,0.0,137.0
381,0.46884181350469606,30366,Кемерово,Десерты,22.0,0.0,0.0,22.0
382,0.639757624361664,30377,Нижневартовск,Суши,95.0,1.0,1.0,97.0
383,0.6919366726651789,30407,Тверь,Бургеры,109.0,2.0,5.0,116.0
384,0.28629124769941,30425,Самара,Пицца,135.0,1.0,1.0,137.0
385,0.6612350484356279,30560,Ставрополь,Суши,19.0,0.0,0.0,19.0
386,0.9708938007242979,30723,Волжский,Суши,34.0,1.0,3.0,38.0
387,0.5929264025762679,30724,Волжский,Пицца,263.0,4.0,5.0,272.0
388,0.19351202202960802,30745,Волжский,Суши,369.0,4.0,7.0,380.0
389,0.19900547945871902,30746,Волжский,Суши,441.0,6.0,4.0,451.0
390,0.0422651441767812,30787,Екатеринбург,Бургеры,140.0,7.0,8.0,155.0
391,0.835357077419758,30820,Кострома,Суши,44.0,4.0,1.0,49.0
392,0.262761793099344,30823,Кострома,Суши,40.0,0.0,0.0,40.0
393,0.822340859565884,30825,Кострома,Пицца,49.0,4.0,2.0,55.0
394,0.492805330082774,30826,Кострома,Пицца,34.0,2.0,1.0,37.0
395,0.33592808060347995,30830,Волжский,Пицца,212.0,9.0,15.0,236.0
396,0.604141052346677,30941,Владивосток,Грузинская,17.0,2.0,0.0,19.0
397,0.615761765744537,30956,Орел,Русская,31.0,0.0,1.0,32.0
398,0.95902565959841,30969,Ижевск,Суши,54.0,1.0,0.0,55.0
399,0.31614432297646994,31076,Ярославль,Суши,312.0,3.0,4.0,319.0
400,0.6799613935872909,31139,Ростов-на-Дону,Суши,250.0,4.0,1.0,255.0
401,0.9141185735352341,31163,Екатеринбург,Рыба,0.0,0.0,0.0,0.0
402,0.6144694704562429,31186,Нижневартовск,Японская,161.0,1.0,2.0,164.0
403,0.20817557862028502,31239,Тюмень,Сэндвичи,241.0,4.0,2.0,247.0
404,0.619499754160643,31262,Курск,Пицца,202.0,6.0,7.0,215.0
405,0.0654883463867009,31288,Пермь,Бургеры,300.0,5.0,3.0,308.0
406,0.24410668900236498,31352,Нижневартовск,Суши,35.0,2.0,0.0,37.0
407,0.5752966753207149,31406,Екатеринбург,Шаурма,5.0,0.0,0.0,5.0
408,0.531384057365358,31407,Красноярск,Суши,135.0,1.0,1.0,137.0
409,0.568336122203618,31411,Красноярск,Суши,73.0,3.0,0.0,76.0
410,0.5002021207474171,31413,Красноярск,Суши,45.0,1.0,1.0,47.0
411,0.5422583590261639,31520,Москва,Рыба,2.0,1.0,0.0,3.0
412,0.845791393890977,31729,Екатеринбург,Китайская,12.0,0.0,0.0,12.0
413,0.0127486423589289,31767,Саратов,Рыба,179.0,2.0,2.0,183.0
414,0.712961472570896,31770,Ижевск,Суши,2.0,0.0,0.0,2.0
415,0.956217198632658,31865,Рязань,Рыба,116.0,0.0,0.0,116.0
416,0.609198740683496,31896,Белгород,Шашлыки,166.0,5.0,3.0,174.0
417,0.159945655148476,31957,Санкт-Петербург,Вегетарианское меню,12.0,7.0,4.0,23.0
418,0.17624020203948002,31960,Ульяновск,Пицца,73.0,1.0,0.0,74.0
419,0.797023910097778,32003,Ульяновск,Шашлыки,39.0,2.0,3.0,44.0
420,0.0137918279506266,32004,Ульяновск,Рыба,54.0,1.0,0.0,55.0
421,0.150587040930986,32010,Липецк,Суши,56.0,2.0,0.0,58.0
422,0.7716017649509008,32030,Краснодар,Суши,158.0,6.0,5.0,169.0
423,0.867939063813537,32198,Иркутск,Суши,50.0,3.0,1.0,54.0
424,0.348025322426111,32449,Пермь,Русская,21.0,0.0,0.0,21.0
425,0.34960115654394003,32609,Ульяновск,Суши,40.0,2.0,2.0,44.0
426,0.0397918913513422,32614,Ульяновск,Китайская,86.0,1.0,1.0,88.0
427,0.0331165720708668,32727,Сочи,Суши,162.0,2.0,2.0,166.0
428,0.51098723243922,32763,Ульяновск,Суши,34.0,1.0,0.0,35.0
429,0.7384964763186871,32802,Омск,Суши,306.0,2.0,1.0,309.0
430,0.596666955854744,32821,Калуга,Пицца,4.0,0.0,1.0,5.0
431,0.0226279930211604,32823,Калуга,Суши,18.0,2.0,0.0,20.0
432,0.0347138764336705,32903,Москва,Суши,14.0,0.0,0.0,14.0
433,0.8021062766201791,32990,Смоленск,Пицца,116.0,2.0,1.0,119.0
434,0.909805747680366,33058,Кострома,Пицца,43.0,1.0,1.0,45.0
435,0.310202219989151,33111,Брянск,Суши,266.0,1.0,2.0,269.0
436,0.7679506768472489,33131,Екатеринбург,Шашлыки,4.0,0.0,0.0,4.0
437,0.6245379620231689,33306,Петрозаводск,Суши,100.0,1.0,0.0,101.0
438,0.988309176638722,33322,Астрахань,Суши,0.0,1.0,1.0,2.0
439,0.273620343767107,33338,Набережные Челны,Шашлыки,4.0,0.0,0.0,4.0
440,0.896837963256985,33354,Калуга,Пицца,200.0,4.0,1.0,205.0
441,0.00507928198203444,33456,Волгоград,Суши,226.0,4.0,2.0,232.0
442,0.184554090723395,33579,Череповец,Суши,86.0,0.0,1.0,87.0
443,0.9911521086469292,33583,Череповец,Суши,64.0,1.0,0.0,65.0
444,0.565813224762678,33618,Курск,Пицца,328.0,5.0,1.0,334.0
445,0.31935175321996195,33661,Череповец,Суши,82.0,1.0,0.0,83.0
446,0.184737695381045,33782,Тольятти,Фастфуд,17.0,0.0,0.0,17.0
447,0.5795204052701589,33853,Череповец,Суши,46.0,1.0,2.0,49.0
448,0.84338220115751,33913,Ростов-на-Дону,Пицца,361.0,1.0,4.0,366.0
449,0.404155497904867,33936,Череповец,Суши,52.0,3.0,7.0,62.0
450,0.352977706585079,33945,Кострома,Пицца,18.0,1.0,0.0,19.0
451,0.000524994451552629,33976,Екатеринбург,Суши,327.0,46.0,65.0,438.0
452,0.850900737568736,34042,Челябинск,Пицца,2.0,0.0,0.0,2.0
453,0.17339386511594101,34086,Ульяновск,Пицца,19.0,1.0,2.0,22.0
454,0.7152111600153149,34127,Астрахань,Пицца,136.0,4.0,1.0,141.0
455,0.15393982920795699,34128,Петрозаводск,Пицца,74.0,0.0,0.0,74.0
456,0.83987744525075,34150,Новосибирск,Пицца,351.0,5.0,11.0,367.0
457,0.39363100891932795,34161,Казань,Суши,13.0,0.0,1.0,14.0
458,0.090147249866277,34289,Оренбург,Пицца,40.0,1.0,0.0,41.0
459,0.375496081076562,34436,Тольятти,Бургеры,22.0,0.0,2.0,24.0
460,0.24208385217934802,34523,Ярославль,Фастфуд,66.0,0.0,0.0,66.0
461,0.202433852944523,34646,Уфа,Мясо,2.0,0.0,1.0,3.0
462,0.85809773998335,34681,Саратов,Суши,71.0,0.0,1.0,72.0
463,0.59831654978916,34835,Саратов,Суши,203.0,4.0,5.0,212.0
464,0.735196159221232,34861,Курск,Суши,400.0,2.0,0.0,402.0
465,0.0613962491042912,34889,Пенза,Суши,196.0,0.0,0.0,196.0
466,0.796592408325523,34892,Пенза,Суши,4.0,0.0,0.0,4.0
467,0.5712343119084841,35010,Оренбург,Суши,4.0,0.0,1.0,5.0
468,0.61635009618476,35094,Челябинск,Суши,25.0,0.0,0.0,25.0
469,0.48662584181874996,35172,Череповец,Итальянская,19.0,1.0,0.0,20.0
470,0.0481627429835498,35188,Сочи,Пироги,185.0,3.0,2.0,190.0
471,0.469901429954916,35196,Ростов-на-Дону,Бургеры,14.0,0.0,1.0,15.0
472,0.22617534315213603,35207,Пермь,Японская,159.0,8.0,2.0,169.0
473,0.6940179546363651,35259,Тула,Суши,469.0,5.0,2.0,476.0
474,0.578735277522355,35326,Волгоград,Пицца,92.0,2.0,1.0,95.0
475,0.098195256665349,35330,Белгород,Суши,49.0,0.0,1.0,50.0
476,0.761318331584334,35334,Уфа,Пицца,2.0,0.0,0.0,2.0
477,0.172253717202693,35338,Череповец,Пицца,5.0,0.0,1.0,6.0
478,0.351848899852484,35387,Казань,Выпечка,6.0,0.0,0.0,6.0
479,0.491147362627089,35391,Челябинск,Пицца,23.0,0.0,0.0,23.0
480,0.7886491748504341,35440,Пенза,Суши,72.0,4.0,9.0,85.0
481,0.11391567159444099,35441,Тверь,Пироги,166.0,2.0,0.0,168.0
482,0.458279349841177,35468,Екатеринбург,Хот-доги,4.0,0.0,1.0,5.0
483,0.812109411694109,35477,Белгород,Русская,158.0,1.0,2.0,161.0
484,0.15857057878747596,35493,Самара,Суши,69.0,2.0,1.0,72.0
485,0.999881605617702,35555,Красноярск,Мясо,7.0,0.0,1.0,8.0
486,0.20206856308504897,35558,Омск,Пицца,2.0,1.0,0.0,3.0
487,0.0991212101653218,35568,Новокузнецк,Суши,31.0,2.0,6.0,39.0
488,0.489017429295927,35600,Смоленск,Суши,125.0,3.0,2.0,130.0
489,0.282737982925028,35602,Белгород,Суши,203.0,10.0,6.0,219.0
490,0.7574322540313009,35626,Хабаровск,Суши,42.0,0.0,3.0,45.0
491,0.879762578755617,35632,Казань,Суши,4.0,1.0,1.0,6.0
492,0.162617265246809,35633,Казань,Суши,436.0,2.0,1.0,439.0
493,0.315104127395898,35647,Рязань,Суши,259.0,4.0,1.0,264.0
494,0.0724114798940718,35650,Пенза,Пицца,83.0,2.0,1.0,86.0
495,0.214410047978163,35677,Волгоград,Суши,53.0,1.0,2.0,56.0
496,0.439847990870476,35686,Егорьевск,Суши,1.0,0.0,0.0,1.0
497,0.279596383217722,35700,Томск,Суши,56.0,0.0,1.0,57.0
498,0.0372024648822844,35710,Ставрополь,Бургеры,84.0,2.0,2.0,88.0
499,0.21563827851787198,35711,Ставрополь,Бургеры,61.0,0.0,1.0,62.0
500,0.811761946883053,35712,Брянск,Пицца,235.0,6.0,2.0,243.0
501,0.519921122118831,35716,Сочи,Пицца,106.0,2.0,0.0,108.0
502,0.642357645556331,35724,Иркутск,Суши,2.0,0.0,0.0,2.0
503,0.508649209048599,35741,Иркутск,Суши,4.0,0.0,0.0,4.0
504,0.146631358191371,35749,Барнаул,Пицца,80.0,0.0,1.0,81.0
505,0.9052208159118891,35751,Ставрополь,Бургеры,231.0,1.0,3.0,235.0
506,0.19728708919137697,35754,Пермь,Бургеры,4.0,2.0,0.0,6.0
507,0.33070741454139396,35769,Волжский,Суши,80.0,1.0,0.0,81.0
508,0.24276283942163002,35775,Пенза,Суши,292.0,1.0,0.0,293.0
509,0.840437450446188,35776,Рязань,Суши,195.0,2.0,3.0,200.0
510,0.7595445816405121,35781,Курск,Суши,259.0,2.0,1.0,262.0
511,0.173897517379373,35791,Саратов,Суши,82.0,0.0,0.0,82.0
512,0.529184145852923,35799,Сочи,Пицца,185.0,2.0,0.0,187.0
513,0.7791931829415258,35804,Белгород,Пицца,27.0,1.0,0.0,28.0
514,0.619630633387715,35807,Ульяновск,Паназиатская,1.0,1.0,2.0,4.0
515,0.39396750042215006,35811,Кемерово,Пицца,65.0,3.0,4.0,72.0
516,0.7677117916755379,35817,Краснодар,Пицца,4.0,0.0,2.0,6.0
517,0.15332488482818,35827,Ростов-на-Дону,Пицца,155.0,0.0,1.0,156.0
518,0.682509030681103,35830,Краснодар,Суши,0.0,0.0,1.0,1.0
519,0.8869315315969292,35855,Новокузнецк,Суши,104.0,4.0,2.0,110.0
520,0.517785530537367,35862,Кострома,Суши,19.0,1.0,0.0,20.0
521,0.623726582620293,35864,Кострома,Суши,13.0,1.0,0.0,14.0
522,0.6021596188656989,35868,Ярославль,Суши,35.0,1.0,0.0,36.0
523,0.5216262694448229,35869,Ярославль,Суши,105.0,3.0,1.0,109.0
524,0.20976208429783602,35874,Сочи,Суши,107.0,1.0,1.0,109.0
525,0.946481191553175,35881,Нижний Новгород,Шашлыки,24.0,0.0,0.0,24.0
526,0.10546700656414,35908,Сочи,Пицца,180.0,2.0,2.0,184.0
527,0.784321794752032,35910,Нижневартовск,Шаурма,0.0,0.0,2.0,2.0
528,0.422156915999949,35927,Челябинск,Суши,21.0,3.0,0.0,24.0
529,0.329978859983385,35934,Челябинск,Рыба,14.0,1.0,0.0,15.0
530,0.8775406572967769,35971,Ставрополь,Пицца,16.0,1.0,1.0,18.0
531,0.8871095520444209,35974,Томск,Пицца,4.0,6.0,4.0,14.0
532,0.5203626318834721,35975,Владимир,Пицца,43.0,0.0,2.0,45.0
533,0.6373439175076779,35979,Волгоград,Пицца,156.0,1.0,0.0,157.0
534,0.11998815322294802,36005,Владивосток,Суши,29.0,0.0,0.0,29.0
535,0.22366055380553,36027,Хабаровск,Бургеры,91.0,0.0,0.0,91.0
536,0.32058797311037796,36051,Саратов,Бургеры,58.0,1.0,0.0,59.0
537,0.369656663388014,36053,Томск,Пицца,47.0,0.0,0.0,47.0
538,0.184262306429446,36060,Белгород,Суши,416.0,4.0,3.0,423.0
539,0.316323270089924,36070,Краснодар,Пицца,106.0,1.0,0.0,107.0
540,0.9386763442307711,36084,Краснодар,Пицца,0.0,0.0,2.0,2.0
541,0.0433509442955256,36097,Барнаул,Шашлыки,7.0,1.0,1.0,9.0
542,0.79742007702589,36101,Кемерово,Пицца,117.0,0.0,1.0,118.0
543,0.370231656823307,36105,Ярославль,Суши,122.0,5.0,1.0,128.0
544,0.6519914362579581,36115,Ижевск,Пироги,8.0,0.0,0.0,8.0
545,0.558773526456207,36122,Ростов-на-Дону,Суши,485.0,4.0,3.0,492.0
546,0.8554430562071501,36130,Пенза,Суши,136.0,5.0,6.0,147.0
547,0.526095267850906,36153,Брянск,Шашлыки,177.0,1.0,4.0,182.0
548,0.581574704032391,36154,Кострома,Суши,49.0,2.0,0.0,51.0
549,0.971100015100092,36167,Омск,Суши,1.0,0.0,1.0,2.0
550,0.74865788128227,36178,Волгоград,Русская,7.0,0.0,2.0,9.0
551,0.4185663657262921,36193,Уфа,Пицца,173.0,0.0,5.0,178.0
552,0.711514989379793,36197,Барнаул,Выпечка,3.0,1.0,0.0,4.0
553,0.37525484012439797,36221,Пермь,Суши,2.0,0.0,0.0,2.0
554,0.22249881783500303,36222,Кемерово,Узбекская,25.0,0.0,1.0,26.0
555,0.27036849083378894,36225,Орел,Суши,321.0,2.0,4.0,327.0
556,0.00845266366377473,36226,Новокузнецк,Суши,52.0,3.0,1.0,56.0
557,0.9372205547988409,36245,Волжский,Пицца,80.0,0.0,3.0,83.0
558,0.547686032019556,36254,Белгород,Пироги,14.0,0.0,0.0,14.0
559,0.408729539252818,36287,Смоленск,Пицца,58.0,0.0,0.0,58.0
560,0.21793526690453302,36291,Астрахань,Суши,23.0,1.0,2.0,26.0
561,0.204308961052448,36295,Смоленск,Суши,11.0,0.0,0.0,11.0
562,0.19379154359921802,36301,Смоленск,Суши,6.0,1.0,0.0,7.0
563,0.5383821520954369,36313,Волгоград,Русская,7.0,0.0,0.0,7.0
564,0.0627958928234875,36315,Новокузнецк,Шашлыки,38.0,5.0,2.0,45.0
565,0.785134516190737,36341,Томск,Пироги,4.0,0.0,0.0,4.0
566,0.6283551552332939,36346,Рязань,Суши,18.0,1.0,0.0,19.0
567,0.708083956036717,36348,Ярославль,Суши,63.0,0.0,0.0,63.0
568,0.830064825713634,36353,Ярославль,Суши,48.0,1.0,1.0,50.0
569,0.16420663148164702,36358,Кострома,Суши,49.0,2.0,3.0,54.0
570,0.0983498729765415,36386,Брянск,Суши,65.0,0.0,0.0,65.0
571,0.27330442424863605,36416,Нижний Новгород,Суши,7.0,0.0,0.0,7.0
572,0.534793706610799,36418,Новосибирск,Пицца,72.0,1.0,0.0,73.0
573,0.9495510705746709,36429,Москва,Пицца,0.0,0.0,1.0,1.0
574,0.7887464957311751,36434,Тверь,Пицца,184.0,2.0,2.0,188.0
575,0.407833023462445,36438,Чебоксары,Пицца,150.0,8.0,6.0,164.0
576,0.196426136884838,36439,Чебоксары,Мясо,137.0,1.0,0.0,138.0
577,0.711247650440782,36442,Чебоксары,Суши,68.0,0.0,0.0,68.0
578,0.43336512148380296,36443,Санкт-Петербург,Бургеры,111.0,2.0,8.0,121.0
579,0.851915846578777,36465,Москва,Суши,355.0,2.0,2.0,359.0
580,0.9200221579521891,36466,Москва,Суши,109.0,6.0,1.0,116.0
581,0.6103356885723771,36471,Чебоксары,Пицца,7.0,0.0,0.0,7.0
582,0.158811680506915,36475,Энгельс,Бургеры,168.0,2.0,2.0,172.0
583,0.428060139529407,36482,Смоленск,Бургеры,87.0,2.0,4.0,93.0
584,0.26049715792760303,36485,Челябинск,Пицца,8.0,0.0,0.0,8.0
585,0.11823876621201598,36490,Чебоксары,Пицца,44.0,1.0,1.0,46.0
586,0.181408117059618,36493,Чебоксары,Бургеры,66.0,0.0,0.0,66.0
587,0.851090284064412,36507,Ростов-на-Дону,Суши,59.0,0.0,0.0,59.0
588,0.8610172849148509,36511,Сургут,Пицца,21.0,1.0,1.0,23.0
589,0.12055107997730401,36513,Набережные Челны,Шашлыки,15.0,0.0,0.0,15.0
590,0.437252190429717,36518,Пермь,Суши,135.0,4.0,1.0,140.0
591,0.284744561649859,36519,Курск,Суши,24.0,0.0,2.0,26.0
592,0.6933661201037471,36534,Магнитогорск,Бургеры,19.0,5.0,2.0,26.0
593,0.22334866737946898,36568,Набережные Челны,Пицца,136.0,2.0,2.0,140.0
594,0.5112033179029821,36578,Оренбург,Пицца,247.0,1.0,0.0,248.0
595,0.177112781442702,36580,Оренбург,Пицца,148.0,2.0,1.0,151.0
596,0.9965386888943609,36589,Омск,Суши,20.0,1.0,0.0,21.0
597,0.687598371878266,36612,Калуга,Пицца,20.0,1.0,0.0,21.0
598,0.910394926089793,36614,Ижевск,Пицца,82.0,1.0,0.0,83.0
599,0.10668191965669399,36629,Волжский,Суши,18.0,1.0,2.0,21.0
600,0.48445004597306296,36638,Волжский,Суши,227.0,1.0,0.0,228.0
601,0.9900151593610641,36645,Ижевск,Суши,6.0,4.0,3.0,13.0
602,0.22319737076759302,36647,Набережные Челны,Пицца,97.0,6.0,2.0,105.0
603,0.152008259203285,36656,Владимир,Паназиатская,38.0,1.0,0.0,39.0
604,0.24354932503774804,36701,Чебоксары,Суши,53.0,9.0,4.0,66.0
605,0.34520826116204306,36702,Чебоксары,Пицца,5.0,1.0,0.0,6.0
606,0.7427885355427858,36715,Владимир,Бургеры,3.0,0.0,0.0,3.0
607,0.81385757541284,36717,Липецк,Пицца,126.0,5.0,2.0,133.0
608,0.5517286211252211,36725,Кемерово,Суши,20.0,0.0,0.0,20.0
609,0.302090667188168,36735,Энгельс,Пицца,33.0,0.0,2.0,35.0
610,0.8126028203405441,36748,Энгельс,Пицца,42.0,1.0,1.0,44.0
611,0.7786833317950369,36753,Барнаул,Суши,109.0,2.0,0.0,111.0
612,0.570899179205298,36758,Тула,Бургеры,74.0,1.0,2.0,77.0
613,0.0454181497916579,36771,Владивосток,Суши,5.0,0.0,0.0,5.0
614,0.9228175915777679,36793,Егорьевск,Суши,1.0,0.0,0.0,1.0
615,0.129557414911687,36811,Краснодар,Шашлыки,18.0,4.0,8.0,30.0
616,0.00021915789693593998,36817,Омск,Суши,127.0,1.0,0.0,128.0
617,0.3970887907780711,36827,Энгельс,Десерты,2.0,0.0,0.0,2.0
618,0.132030538283288,36829,Тюмень,Суши,13.0,4.0,2.0,19.0
619,0.47320525301620403,36830,Нижневартовск,Суши,100.0,0.0,0.0,100.0
620,0.8280713711865251,36836,Калининград,Китайская,47.0,1.0,0.0,48.0
621,0.155158190522343,36860,Нижний Новгород,Шашлыки,90.0,0.0,1.0,91.0
622,0.593288243748248,36862,Тверь,Суши,3.0,4.0,1.0,8.0
623,0.346270471811295,36865,Тула,Пицца,36.0,1.0,1.0,38.0
624,0.009571499656885859,36866,Сочи,Суши,3.0,1.0,0.0,4.0
625,0.17646945780143106,36877,Архангельск,Бургеры,22.0,2.0,0.0,24.0
626,0.19503662036731798,36880,Набережные Челны,Бургеры,35.0,0.0,0.0,35.0
627,0.416383273433894,36881,Набережные Челны,Бургеры,49.0,0.0,0.0,49.0
628,0.771374447271228,36885,Брянск,Суши,84.0,0.0,1.0,85.0
629,0.46393612027168296,36886,Новосибирск,Мясо,33.0,1.0,1.0,35.0
630,0.9496602904982859,36891,Смоленск,Бургеры,44.0,1.0,1.0,46.0
631,0.692685240879655,36892,Смоленск,Бургеры,72.0,3.0,2.0,77.0
632,0.734961845446378,36893,Смоленск,Бургеры,178.0,1.0,1.0,180.0
633,0.0812323172576725,36896,Чебоксары,Бургеры,23.0,9.0,5.0,37.0
634,0.38938061241060495,36899,Чебоксары,Бургеры,34.0,1.0,2.0,37.0
635,0.7767316307872529,36900,Тюмень,Бургеры,37.0,1.0,2.0,40.0
636,0.391692101955414,36926,Ростов-на-Дону,Бургеры,48.0,5.0,8.0,61.0
637,0.240476611535996,36930,Саратов,Бургеры,386.0,2.0,3.0,391.0
638,0.419370008632541,36954,Владимир,Бургеры,32.0,1.0,0.0,33.0
639,0.0621038489043713,36967,Тверь,Десерты,0.0,2.0,1.0,3.0
640,0.8488616179674859,36969,Курск,Суши,332.0,5.0,5.0,342.0
641,0.0571458730846643,36991,Воронеж,Суши,6.0,2.0,0.0,8.0
642,0.049616863951087005,36998,Воронеж,Суши,8.0,0.0,0.0,8.0
643,0.47163201961666296,37001,Новосибирск,Суши,32.0,0.0,0.0,32.0
644,0.296276123262942,37019,Владимир,Рыба,51.0,0.0,1.0,52.0
645,0.426442899741232,37046,Рязань,Пицца,532.0,11.0,10.0,553.0
646,0.9778377548791469,37071,Барнаул,Шашлыки,12.0,0.0,0.0,12.0
647,0.139379689004272,37072,Владимир,Рыба,20.0,0.0,0.0,20.0
648,0.495377317536622,37077,Ульяновск,Пицца,1.0,1.0,0.0,2.0
649,0.21531747374683605,37095,Магнитогорск,Бургеры,8.0,1.0,0.0,9.0
650,0.16331765940412898,37107,Курск,Бургеры,77.0,0.0,0.0,77.0
651,0.12676842091605098,37110,Хабаровск,Суши,28.0,3.0,2.0,33.0
652,0.18424721295014002,37116,Ульяновск,Сэндвичи,94.0,1.0,0.0,95.0
653,0.538610735908151,37121,Ижевск,Суши,158.0,3.0,1.0,162.0
654,0.206969126593322,37123,Ульяновск,Суши,79.0,1.0,3.0,83.0
655,0.6728444802574809,37124,Ульяновск,Суши,79.0,0.0,0.0,79.0
656,0.49495686823502205,37127,Астрахань,Суши,55.0,5.0,6.0,66.0
657,0.656346661970019,37128,Астрахань,Пицца,12.0,2.0,0.0,14.0
658,0.492982005700469,37135,Чебоксары,Пицца,30.0,3.0,0.0,33.0
659,0.13070325180888198,37139,Воронеж,Пицца,36.0,1.0,0.0,37.0
660,0.62077272683382,37142,Набережные Челны,Китайская,20.0,1.0,0.0,21.0
661,0.22351331822574103,37148,Магнитогорск,Суши,41.0,0.0,0.0,41.0
662,0.198720237705857,37161,Волгоград,Суши,44.0,2.0,1.0,47.0
663,0.9678963199257851,37163,Волгоград,Суши,80.0,1.0,0.0,81.0
664,0.9002460776828229,37172,Сургут,Бургеры,8.0,0.0,1.0,9.0
665,0.187904376536608,37174,Ханты-Мансийск,Бургеры,26.0,0.0,0.0,26.0
666,0.291147080715746,37175,Йошкар-Ола,Бургеры,24.0,1.0,0.0,25.0
667,0.359701845794916,37176,Йошкар-Ола,Бургеры,5.0,0.0,0.0,5.0
668,0.635978288017213,37177,Иваново,Бургеры,34.0,1.0,2.0,37.0
669,0.86629529716447,37178,Иваново,Бургеры,1.0,1.0,0.0,2.0
670,0.5832151644863189,37179,Сочи,Бургеры,94.0,3.0,2.0,99.0
671,0.925850000232458,37190,Орел,Бургеры,57.0,3.0,1.0,61.0
672,0.602937061805278,37201,Стерлитамак,Бургеры,4.0,0.0,0.0,4.0
673,0.863595811650157,37202,Стерлитамак,Бургеры,17.0,1.0,0.0,18.0
674,0.324645415414125,37210,Нижневартовск,Бургеры,103.0,3.0,3.0,109.0
675,0.5535613074898721,37211,Нижневартовск,Бургеры,65.0,12.0,2.0,79.0
676,0.0830629337579012,37213,Ульяновск,Бургеры,71.0,13.0,3.0,87.0
677,0.0275515508837998,37215,Ульяновск,Бургеры,66.0,2.0,1.0,69.0
678,0.26471728924661897,37217,Курск,Бургеры,67.0,1.0,0.0,68.0
679,0.39929951587691903,37234,Белгород,Пицца,45.0,1.0,0.0,46.0
680,0.172805595677346,37245,Новосибирск,Суши,87.0,2.0,1.0,90.0
681,0.5392498658038679,37246,Набережные Челны,Суши,254.0,5.0,3.0,262.0
682,0.437522884923965,37248,Егорьевск,Бургеры,10.0,1.0,1.0,12.0
683,0.723890312947333,37258,Хабаровск,Суши,39.0,2.0,0.0,41.0
684,0.543406377546489,37262,Москва,Суши,51.0,3.0,0.0,54.0
685,0.42874661833047906,37278,Кемерово,Суши,57.0,1.0,3.0,61.0
686,0.7282875049859291,37282,Пенза,Суши,106.0,1.0,2.0,109.0
687,0.075421798042953,37292,Владимир,Бургеры,52.0,2.0,1.0,55.0
688,0.9239223380573091,37294,Волжский,Суши,95.0,0.0,1.0,96.0
689,0.319528709165752,37295,Волжский,Суши,42.0,0.0,0.0,42.0
690,0.7254401873797179,37301,Пермь,Шаурма,48.0,0.0,1.0,49.0
691,0.393356217071414,37329,Краснодар,Суши,31.0,1.0,1.0,33.0
692,0.16663904581219,37330,Владивосток,Пицца,1.0,0.0,0.0,1.0
693,0.9510154277086259,37338,Владимир,Суши,21.0,7.0,7.0,35.0
694,0.223172838333994,37359,Набережные Челны,Китайская,35.0,1.0,0.0,36.0
695,0.517854654695839,37364,Волгоград,Суши,258.0,3.0,5.0,266.0
696,0.9818376228213309,37375,Томск,Шашлыки,6.0,0.0,0.0,6.0
697,0.38650284195318796,37381,Архангельск,Пироги,0.0,0.0,0.0,0.0
698,0.8388831908814609,37382,Архангельск,Пироги,1.0,0.0,0.0,1.0
699,0.764180281199515,37410,Хабаровск,Китайская,6.0,0.0,0.0,6.0
700,0.357616991270334,37411,Владивосток,Пироги,0.0,1.0,2.0,3.0
701,0.07058603176847099,37421,Сургут,Шашлыки,20.0,0.0,4.0,24.0
702,0.928895669989288,37427,Тула,Суши,125.0,0.0,2.0,127.0
703,0.74599096365273,37431,Новосибирск,Суши,28.0,1.0,1.0,30.0
704,0.59166020154953,37432,Сочи,Бургеры,9.0,0.0,1.0,10.0
705,0.841141933575273,37433,Калининград,Суши,8.0,0.0,3.0,11.0
706,0.681561321485788,37434,Калининград,Суши,7.0,0.0,0.0,7.0
707,0.8972562728449699,37435,Калининград,Суши,3.0,0.0,0.0,3.0
708,0.598969302140176,37437,Астрахань,Шашлыки,112.0,1.0,0.0,113.0
709,0.12791159003973,37439,Иваново,Пицца,18.0,0.0,2.0,20.0
710,0.22358226729556896,37441,Тюмень,Грузинская,131.0,0.0,0.0,131.0
711,0.7669655354693531,37443,Иваново,Суши,14.0,0.0,0.0,14.0
712,0.5578022673726079,37448,Йошкар-Ола,Суши,30.0,0.0,0.0,30.0
713,0.698258996475488,37449,Иваново,Суши,16.0,0.0,1.0,17.0
714,0.923331948928535,37451,Иваново,Суши,42.0,0.0,1.0,43.0
715,0.0750986519269645,37469,Кемерово,Шашлыки,3.0,0.0,0.0,3.0
716,0.7177209523506459,37474,Нижневартовск,Суши,92.0,0.0,0.0,92.0
717,0.0478261029347777,37481,Уфа,Бургеры,105.0,2.0,0.0,107.0
718,0.682210597675294,37490,Тверь,Суши,245.0,4.0,1.0,250.0
719,0.636584346182644,37502,Воронеж,Шаурма,3.0,0.0,0.0,3.0
720,0.5612338799983261,37506,Тула,Суши,26.0,0.0,5.0,31.0
721,0.70518544735387,37526,Вологда,Бургеры,4.0,0.0,0.0,4.0
722,0.41594102559611207,37527,Вологда,Бургеры,7.0,0.0,2.0,9.0
723,0.0785584817640483,37529,Липецк,Шашлыки,11.0,0.0,0.0,11.0
724,0.51239732792601,37531,Оренбург,Хот-доги,5.0,3.0,3.0,11.0
725,0.0808586170896888,37535,Вологда,Суши,23.0,0.0,0.0,23.0
726,0.9100956954061991,37550,Стерлитамак,Суши,23.0,0.0,0.0,23.0
727,0.33897726656869104,37563,Барнаул,Пироги,4.0,1.0,0.0,5.0
728,0.925624365452677,37565,Пермь,Пироги,14.0,0.0,1.0,15.0
729,0.18799745431169898,37567,Тверь,Пицца,16.0,1.0,1.0,18.0
730,0.303488282486796,37571,Владивосток,Пицца,2.0,0.0,0.0,2.0
731,0.571583273354918,37580,Новосибирск,Пицца,0.0,1.0,0.0,1.0
732,0.920049916487187,37582,Кострома,Японская,13.0,0.0,0.0,13.0
733,0.7197043304331601,37583,Москва,Пицца,11.0,0.0,0.0,11.0
734,0.6646757097914809,37587,Брянск,Русская,4.0,1.0,4.0,9.0
735,0.266511910129339,37595,Хабаровск,Японская,5.0,2.0,0.0,7.0
736,0.672685252968222,37604,Иваново,Пицца,14.0,1.0,2.0,17.0
737,0.6531343921087679,37606,Липецк,Суши,30.0,2.0,0.0,32.0
738,0.9143952652812,37615,Пермь,Суши,27.0,1.0,0.0,28.0
739,0.878558643162251,37622,Иваново,Пицца,7.0,0.0,0.0,7.0
740,0.23738118493929503,37632,Омск,Грузинская,3.0,0.0,0.0,3.0
741,0.9100664379075171,37635,Воронеж,Пицца,32.0,8.0,0.0,40.0
742,0.258848421275616,37640,Набережные Челны,Шашлыки,12.0,0.0,0.0,12.0
743,0.55836892593652,37641,Иваново,Суши,14.0,1.0,0.0,15.0
744,0.402903040405363,37644,Калининград,Суши,12.0,0.0,0.0,12.0
745,0.0917856795713305,37649,Краснодар,Шашлыки,0.0,2.0,1.0,3.0
746,0.610479769762605,37650,Архангельск,Суши,3.0,0.0,0.0,3.0
747,0.321812629699707,37651,Сочи,Суши,0.0,1.0,0.0,1.0
748,0.30368314078077696,37667,Нижний Новгород,Русская,5.0,0.0,0.0,5.0
749,0.209407848771662,37677,Энгельс,Суши,36.0,4.0,1.0,41.0
750,0.5441619129851459,37678,Тюмень,Пицца,1.0,0.0,0.0,1.0
751,0.7937833797186609,37685,Владивосток,Суши,11.0,0.0,0.0,11.0
752,0.29911368992179604,37687,Петрозаводск,Суши,20.0,1.0,1.0,22.0
753,0.18186203204095397,37689,Тюмень,Пицца,30.0,1.0,1.0,32.0
754,0.00801915349438787,37696,Калининград,Русская,3.0,0.0,0.0,3.0
755,0.132586075924337,37698,Владивосток,Суши,37.0,1.0,0.0,38.0
756,0.366143935825676,37703,Саратов,Суши,4.0,1.0,0.0,5.0
757,0.8706010263413191,37734,Казань,Бургеры,15.0,0.0,0.0,15.0
758,0.029918176587671,37736,Хабаровск,Суши,16.0,8.0,5.0,29.0
759,0.662181577179581,37741,Самара,Фастфуд,4.0,0.0,0.0,4.0
760,0.802142890635878,37743,Череповец,Пицца,12.0,0.0,0.0,12.0
761,0.6637075738981371,37753,Череповец,Суши,1.0,0.0,0.0,1.0
762,0.533257885370404,37754,Ростов-на-Дону,Бургеры,14.0,0.0,0.0,14.0
763,0.124682052526623,37758,Кемерово,Суши,26.0,0.0,0.0,26.0
764,0.857734922319651,37759,Владимир,Суши,19.0,0.0,0.0,19.0
765,0.6881607864052061,37766,Тюмень,Суши,13.0,0.0,1.0,14.0
766,0.114797863177955,37772,Калининград,Пицца,7.0,1.0,0.0,8.0
767,0.403190561104566,37785,Хабаровск,Суши,1.0,0.0,0.0,1.0
768,0.709777284413576,37796,Ижевск,Мясо,9.0,0.0,0.0,9.0
769,0.511371320579201,37806,Омск,Пироги,1.0,0.0,0.0,1.0
770,0.0419748183339834,37809,Нижневартовск,Суши,0.0,2.0,0.0,2.0
771,0.140547083690763,37810,Кострома,Суши,0.0,0.0,0.0,0.0
772,0.37638126173988,37812,Кострома,Суши,1.0,0.0,0.0,1.0
773,0.0104797594249249,37813,Кострома,Суши,0.0,0.0,0.0,0.0
774,0.37449527950957395,37815,Смоленск,Пицца,11.0,0.0,0.0,11.0
775,0.9708489566110071,37823,Белгород,Шаурма,0.0,1.0,2.0,3.0
776,0.9324463023804129,37843,Новосибирск,Русская,0.0,0.0,0.0,0.0
777,0.0923133282922208,37850,Ставрополь,Бургеры,0.0,0.0,0.0,0.0
778,0.8223161902278661,37865,Ростов-на-Дону,Суши,82.0,0.0,2.0,84.0
779,0.32171254185959697,37892,Магнитогорск,Суши,0.0,0.0,0.0,0.0
780,0.8898740434087808,37898,Иваново,Суши,0.0,0.0,0.0,0.0
781,0.34792085271328693,37908,Томск,Суши,1.0,0.0,0.0,1.0
782,0.368398476857692,37924,Ханты-Мансийск,Суши,0.0,0.0,0.0,0.0
783,0.0271983696147799,37926,Петрозаводск,Пицца,0.0,0.0,0.0,0.0
